sample_id,target
ID1001187975__Dry_Clover_g,1.673632
ID1001187975__Dry_Dead_g,16.382250999999993
ID1001187975__Dry_Green_g,42.01946499999999
ID1001187975__Dry_Total_g,73.74366900000004
ID1001187975__GDM_g,44.17252699999998
