sample_id,target
ID1001187975__Dry_Clover_g,3.1854063257827523
ID1001187975__Dry_Dead_g,22.52566257705754
ID1001187975__Dry_Green_g,51.0133810971597
ID1001187975__Dry_Total_g,76.72444999999999
ID1001187975__GDM_g,51.96485500000001
