sample_id,target
ID1001187975__Dry_Clover_g,2.771482521127207
ID1001187975__Dry_Dead_g,21.869853017924967
ID1001187975__Dry_Green_g,49.53435179428117
ID1001187975__Dry_Total_g,74.17568733333334
ID1001187975__GDM_g,53.286507
