sample_id,target
ID1001187975__Dry_Clover_g,1.1670183381893868
ID1001187975__Dry_Dead_g,23.712457769523578
ID1001187975__Dry_Green_g,49.80782322562035
ID1001187975__Dry_Total_g,74.68729933333331
ID1001187975__GDM_g,54.68865499999998
