sample_id,target
ID1001187975__Dry_Clover_g,1.3799260000000002
ID1001187975__Dry_Dead_g,35.113435499999966
ID1001187975__Dry_Green_g,30.724805999999994
ID1001187975__Dry_Total_g,61.08951633333331
ID1001187975__GDM_g,36.214014999999996
